{
  "prepare_queue": {
    "installed": [],
    "uninstalled": []
  },
  "config_munge": {
    "files": {
      "res/xml/config.xml": {
        "parents": {
          "/*": [
            {
              "xml": "<feature name=\"Device\"><param name=\"android-package\" value=\"org.apache.cordova.device.Device\" /></feature>",
              "count": 1
            },
            {
              "xml": "<feature name=\"SplashScreen\"><param name=\"android-package\" value=\"org.apache.cordova.splashscreen.SplashScreen\" /><param name=\"onload\" value=\"true\" /></feature>",
              "count": 1
            },
            {
              "xml": "<feature name=\"Whitelist\"><param name=\"android-package\" value=\"org.apache.cordova.whitelist.WhitelistPlugin\" /><param name=\"onload\" value=\"true\" /></feature>",
              "count": 1
            },
            {
              "xml": "<feature name=\"Geolocation\"><param name=\"android-package\" value=\"org.apache.cordova.geolocation.Geolocation\" /></feature>",
              "count": 1
            }
          ]
        }
      },
      "config.xml": {
        "parents": {
          "/*": [
            {
              "xml": "<feature name=\"Keyboard\"><param name=\"android-package\" onload=\"true\" value=\"io.ionic.keyboard.IonicKeyboard\" /></feature>",
              "count": 1
            }
          ]
        }
      },
      "AndroidManifest.xml": {
        "parents": {
          "/*": [
            {
              "xml": "<uses-permission android:name=\"android.permission.ACCESS_COARSE_LOCATION\" />",
              "count": 1
            },
            {
              "xml": "<uses-permission android:name=\"android.permission.ACCESS_FINE_LOCATION\" />",
              "count": 1
            },
            {
              "xml": "<uses-feature android:name=\"android.hardware.location.gps\" />",
              "count": 1
            }
          ]
        }
      }
    }
  },
  "installed_plugins": {
    "cordova-plugin-device": {
      "PACKAGE_NAME": "io.ionic.starter"
    },
    "cordova-plugin-ionic-keyboard": {
      "PACKAGE_NAME": "io.ionic.starter"
    },
    "cordova-plugin-ionic-webview": {
      "PACKAGE_NAME": "io.ionic.starter"
    },
    "cordova-plugin-splashscreen": {
      "PACKAGE_NAME": "io.ionic.starter"
    },
    "cordova-plugin-whitelist": {
      "PACKAGE_NAME": "io.ionic.starter"
    },
    "cordova-plugin-geolocation": {
      "PACKAGE_NAME": "io.ionic.starter"
    }
  },
  "dependent_plugins": {},
  "modules": [
    {
      "id": "cordova-plugin-device.device",
      "file": "plugins/cordova-plugin-device/www/device.js",
      "pluginId": "cordova-plugin-device",
      "clobbers": [
        "device"
      ]
    },
    {
      "id": "cordova-plugin-ionic-keyboard.keyboard",
      "file": "plugins/cordova-plugin-ionic-keyboard/www/android/keyboard.js",
      "pluginId": "cordova-plugin-ionic-keyboard",
      "clobbers": [
        "window.Keyboard"
      ]
    },
    {
      "id": "cordova-plugin-splashscreen.SplashScreen",
      "file": "plugins/cordova-plugin-splashscreen/www/splashscreen.js",
      "pluginId": "cordova-plugin-splashscreen",
      "clobbers": [
        "navigator.splashscreen"
      ]
    },
    {
      "id": "cordova-plugin-geolocation.geolocation",
      "file": "plugins/cordova-plugin-geolocation/www/android/geolocation.js",
      "pluginId": "cordova-plugin-geolocation",
      "clobbers": [
        "navigator.geolocation"
      ]
    },
    {
      "id": "cordova-plugin-geolocation.PositionError",
      "file": "plugins/cordova-plugin-geolocation/www/PositionError.js",
      "pluginId": "cordova-plugin-geolocation",
      "runs": true
    }
  ],
  "plugin_metadata": {
    "cordova-plugin-device": "2.0.1",
    "cordova-plugin-ionic-keyboard": "2.0.5",
    "cordova-plugin-ionic-webview": "1.1.16",
    "cordova-plugin-splashscreen": "5.0.2",
    "cordova-plugin-whitelist": "1.3.3",
    "cordova-plugin-geolocation": "4.0.1"
  }
}